Position	RNA_change	VCF	gene	protein_change	Delta	Omicron
4181	G4181T	('4181', 'G', 'T')	ORF1A	A1306S	yes	
6402	C6402T	('6402', 'C', 'T')	ORF1A	P2046L	yes	
7124	C7124T	('7124', 'C', 'T')	ORF1A	P2287S	yes	
9053	G9053T	('9053', 'G', 'T')	ORF1A	V2930L	yes	
11201	A11201G	('11201', 'A', 'G')	ORF1A	T3646A	yes	
15451	G15451A	('15451', 'G', 'A')	ORF1B	G662S	yes	
16466	C16466T	('16466', 'C', 'T')	ORF1B	P1000L	yes	
19220	C19220T	('19220', 'C', 'T')	ORF1B	A1918V	yes	
21618	C21618G	('21618', 'C', 'G')	S	T19R	yes	
22917	T22917G	('22917', 'T', 'G')	S	L452R	yes	
23604	C23604G	('23604', 'C', 'G')	S	P681R	yes	
24410	G24410A	('24410', 'G', 'A')	S	D950N	yes	
25469	C25469T	('25469', 'C', 'T')	ORF3A	S26L	yes	
26767	T26767C	('26767', 'T', 'C')	M	I82T	yes	
27638	T27638C	('27638', 'T', 'C')	ORF7A	V82A	yes	
27752	C27752T	('27752', 'C', 'T')	ORF7A	T120I	yes	
28461	A28461G	('28461', 'A', 'G')	N	D63G	yes	
28881	G28881T	('28881', 'G', 'T')	N	R203M	yes	
670	T670G	('670', 'T', 'G')	ORF1A	S135R		BA.2
2790	C2790T	('2790', 'C', 'T')	ORF1A	T842I		BA.2
2832	A2832G	('2832', 'A', 'G')	ORF1A	K856R		BA.1
9534	C9534T	('9534', 'C', 'T')	ORF1A	T3090I		BA.2
10449	C10449A	('10449', 'C', 'A')	ORF1A	P3395H		BA.1/BA.2
11537	A11537G	('11537', 'A', 'G')	ORF1A	I3758V		BA.1
17410	C17410T	('17410', 'C', 'T')	ORF1B	R1315C		BA.2
18163	A18163G	('18163', 'A', 'G')	ORF1B	I1566V		BA.1/BA.2
22204	insGAGCCAGAA	('22204', 'T', 'TGAGCCAGAA')	S	214EPEins		BA.1
22578	G22578A	('22578', 'G', 'A')	S	G339D		BA.1/BA.2
22599	G22599A	('22599', 'G', 'A')	S	R346K		BA.1.1
22686	C22686T	('22686', 'C', 'T')	S	S375F		BA.1/BA.2
22786	A22786C	('22786', 'A', 'C')	S	R408S		BA.2
23013	A23013C	('23013', 'A', 'C')	S	E484A		BA.1/BA.2
23040	A23040G	('23040', 'A', 'G')	S	Q493R		BA.1/BA.2
23055	A23055G	('23055', 'A', 'G')	S	Q498R		BA.1/BA.2
23075	T23075C	('23075', 'T', 'C')	S	Y505H		BA.1/BA.2
23525	C23525T	('23525', 'C', 'T')	S	H655Y		BA.1/BA.2
23604	C23604A	('23604', 'C', 'A')	S	P681H		BA.1/BA.2
23854	C23854A	('23854', 'C', 'A')	S	N764K		BA.1/BA.2
23948	G23948T	('23948', 'G', 'T')	S	D796Y		BA.1/BA.2
24424	A24424T	('24424', 'A', 'T')	S	Q954H		BA.1/BA.2
24469	T24469A	('24469', 'T', 'A')	S	N969K		BA.1/BA.2
24503	C24503T	('24503', 'C', 'T')	S	L981F		BA.1
26270	C26270T	('26270', 'C', 'T')	E	T9I		BA.1/BA.2
26530	A26530G	('26530', 'A', 'G')	M	D3G		BA.1
26577	C26577G	('26577', 'C', 'G')	M	Q19E		BA.1/BA.2
26709	G26709A	('26709', 'G', 'A')	M	A63T		BA.1/BA.2
28311	C28311T	('28311', 'C', 'T')	N	P13L		BA.1/BA.2
28362	del28362-28370	('28361', 'GGAGAACGCA', 'G')	N	del31/33		BA.1/BA.2
28881	G28881A	('28881', 'G', 'A')	N	R203K		BA.1/BA.2
28882	G28882A	('28882', 'G', 'A')	N	R203K		BA.1/BA.2
28883	G28883C	('28883', 'G', 'C')	N	G204R		BA.1/BA.2
29510	A29510C	('29510', 'A', 'C')	N	S413R		BA.2
